id;alpha3;name;status;dependency;area;population
AD;AND;Andorra;SOVEREIGN;;468;82
AE;ARE;United Arab Emirates;SOVEREIGN;;83600;9778
AF;AFG;Afghanistan;SOVEREIGN;;652230;38928
AG;ATG;Antigua and Barbuda;SOVEREIGN;;442;98
AI;AIA;Anguilla;DEPENDENT;GB;91;18
AL;ALB;Albania;SOVEREIGN;;28748;2838
AM;ARM;Armenia;SOVEREIGN;;29743;2956
AO;AGO;Angola;SOVEREIGN;;1246700;32522
AQ;ATA;Antarctica;CONDOMINIUM;;14000000;
AR;ARG;Argentina;SOVEREIGN;;2780400;45377
AS;ASM;American Samoa;DEPENDENT;US;199;49
AT;AUT;Austria;SOVEREIGN;;83871;8914
AU;AUS;Australia;SOVEREIGN;;7692024;25754
AW;ABW;Aruba;DEPENDENT;NL;180;119
AX;ALA;Åland Islands;DEPENDENT;FI;1580;29
AZ;AZE;Azerbaijan;SOVEREIGN;;86600;10108
BA;BIH;Bosnia and Herzegovina;SOVEREIGN;;51209;3281
BB;BRB;Barbados;SOVEREIGN;;430;287
BD;BGD;Bangladesh;SOVEREIGN;;147570;169809
BE;BEL;Belgium;SOVEREIGN;;30528;11515
BF;BFA;Burkina Faso;SOVEREIGN;;272967;20903
BG;BGR;Bulgaria;SOVEREIGN;;110879;6927
BH;BHR;Bahrain;SOVEREIGN;;765;1465
BI;BDI;Burundi;SOVEREIGN;;27834;11866
BJ;BEN;Benin;SOVEREIGN;;112622;12209
BL;BLM;Saint Barthélemy;DEPENDENT;FR;21;7
BM;BMU;Bermuda;DEPENDENT;GB;54;72
BN;BRN;Brunei;SOVEREIGN;;5765;469
BO;BOL;Bolivia;SOVEREIGN;;1098581;11633
BQ;BES;Caribbean Netherlands;DEPENDENT;NL;294;26
BR;BRA;Brazil;SOVEREIGN;;8515767;211812
BS;BHS;Bahamas;SOVEREIGN;;13943;393
BT;BTN;Bhutan;SOVEREIGN;;38394;730
BV;BVT;Bouvet Island;DEPENDENT;NO;49;
BW;BWA;Botswana;SOVEREIGN;;582000;2317
BY;BLR;Belarus;SOVEREIGN;;207600;9375
BZ;BLZ;Belize;SOVEREIGN;;22966;419
CA;CAN;Canada;SOVEREIGN;;9984670;38190
CC;CCK;Cocos (Keeling) Islands;DEPENDENT;AU;14;1
CD;COD;Congo-Kinshasa;SOVEREIGN;;2344858;89568
CF;CAF;Central African Republic;SOVEREIGN;;622984;4830
CG;COG;Congo-Brazzaville;SOVEREIGN;;342000;5518
CH;CHE;Switzerland;SOVEREIGN;;41284;8634
CI;CIV;Ivory Coast;SOVEREIGN;;322463;26175
CK;COK;Cook Islands;ASSOCIATE;NZ;236;9
CL;CHL;Chile;SOVEREIGN;;756102;19470
CM;CMR;Cameroon;SOVEREIGN;;475442;26598
CN;CHN;China;SOVEREIGN;;9640011;1402385
CO;COL;Colombia;SOVEREIGN;;1141748;49444
CR;CRI;Costa Rica;SOVEREIGN;;51100;5111
CU;CUB;Cuba;SOVEREIGN;;109884;11281
CV;CPV;Cape Verde;SOVEREIGN;;4033;556
CW;CUW;Curaçao;DEPENDENT;NL;444;155
CX;CXR;Christmas Island;DEPENDENT;AU;135;2
CY;CYP;Cyprus;SOVEREIGN;;9251;1207
CZ;CZE;Czech Republic;SOVEREIGN;;78865;10716
DE;DEU;Germany;SOVEREIGN;;357114;83300
DJ;DJI;Djibouti;SOVEREIGN;;23200;988
DK;DNK;Denmark;SOVEREIGN;;43094;5829
DM;DMA;Dominica;SOVEREIGN;;751;72
DO;DOM;Dominican Republic;SOVEREIGN;;48671;10500
DZ;DZA;Algeria;SOVEREIGN;;2381741;44357
EC;ECU;Ecuador;SOVEREIGN;;276841;17511
EE;EST;Estonia;SOVEREIGN;;45227;1331
EG;EGY;Egypt;SOVEREIGN;;1002450;100803
EH;ESH;Western Sahara;PARTIAL;;266000;597
ER;ERI;Eritrea;SOVEREIGN;;117600;3546
ES;ESP;Spain;SOVEREIGN;;505992;47635
ET;ETH;Ethiopia;SOVEREIGN;;1104300;114916
FI;FIN;Finland;SOVEREIGN;;338424;5529
FJ;FJI;Fiji;SOVEREIGN;;18272;896
FK;FLK;Falkland Islands;DEPENDENT;GB;12173;3
FM;FSM;Micronesia;SOVEREIGN;;702;106
FO;FRO;Faroe Islands;DEPENDENT;DK;1393;52
FR;FRA;France;SOVEREIGN;;640679;64940
GA;GAB;Gabon;SOVEREIGN;;267668;2231
GB;GBR;United Kingdom;SOVEREIGN;;242900;67160
GD;GRD;Grenada;SOVEREIGN;;344;113
GE;GEO;Georgia;SOVEREIGN;;69700;3715
GF;GUF;French Guiana;DEPENDENT;FR;83534;294
GG;GGY;Guernsey;DEPENDENT;GB;78;67
GH;GHA;Ghana;SOVEREIGN;;238533;31073
GI;GIB;Gibraltar;DEPENDENT;GB;6;30
GL;GRL;Greenland;DEPENDENT;DK;2166086;58
GM;GMB;Gambia;SOVEREIGN;;11295;2417
GN;GIN;Guinea;SOVEREIGN;;245857;12560
GP;GLP;Guadeloupe;DEPENDENT;FR;1628;375
GQ;GNQ;Equatorial Guinea;SOVEREIGN;;28051;1403
GR;GRC;Greece;SOVEREIGN;;131990;10700
GS;SGS;South Georgia and South Sandwich Islands;DEPENDENT;GB;3903;
GT;GTM;Guatemala;SOVEREIGN;;108889;18066
GU;GUM;Guam;DEPENDENT;US;549;175
GW;GNB;Guinea-Bissau;SOVEREIGN;;36125;1927
GY;GUY;Guyana;SOVEREIGN;;214969;787
HK;HKG;Hong Kong;DEPENDENT;CN;1104;7494
HM;HMD;Heard Island and McDonald Islands;DEPENDENT;AU;412;
HN;HND;Honduras;SOVEREIGN;;112492;9864
HR;HRV;Croatia;SOVEREIGN;;56594;4020
HT;HTI;Haiti;SOVEREIGN;;27750;11403
HU;HUN;Hungary;SOVEREIGN;;93028;9767
ID;IDN;Indonesia;SOVEREIGN;;1904569;271739
IE;IRL;Ireland;SOVEREIGN;;70273;5003
IL;ISR;Israel;SOVEREIGN;;20770;9216
IM;IMN;Isle of Man;DEPENDENT;GB;572;90
IN;IND;India;SOVEREIGN;;3287590;1400100
IO;IOT;British Indian Ocean Territory;DEPENDENT;GB;60;
IQ;IRQ;Iraq;SOVEREIGN;;438317;39725
IR;IRN;Iran;SOVEREIGN;;1648195;84150
IS;ISL;Iceland;SOVEREIGN;;103000;368
IT;ITA;Italy;SOVEREIGN;;301336;60296
JE;JEY;Jersey;DEPENDENT;GB;116;101
JM;JAM;Jamaica;SOVEREIGN;;10991;2809
JO;JOR;Jordan;SOVEREIGN;;89342;10679
JP;JPN;Japan;SOVEREIGN;;377930;125967
KE;KEN;Kenya;SOVEREIGN;;580367;53528
KG;KGZ;Kyrgyzstan;SOVEREIGN;;199951;6594
KH;KHM;Cambodia;SOVEREIGN;;181035;15497
KI;KIR;Kiribati;SOVEREIGN;;811;125
KM;COM;Comoros;SOVEREIGN;;1862;870
KN;KNA;Saint Kitts and Nevis;SOVEREIGN;;261;54
KP;PRK;North Korea;SOVEREIGN;;120538;25779
KR;KOR;South Korea;SOVEREIGN;;100210;51781
KW;KWT;Kuwait;SOVEREIGN;;17818;4691
KY;CYM;Cayman Islands;DEPENDENT;GB;264;62
KZ;KAZ;Kazakhstan;SOVEREIGN;;2724900;18732
LA;LAO;Laos;SOVEREIGN;;236800;7242
LB;LBN;Lebanon;SOVEREIGN;;10452;6825
LC;LCA;Saint Lucia;SOVEREIGN;;616;182
LI;LIE;Liechtenstein;SOVEREIGN;;160;39
LK;LKA;Sri Lanka;SOVEREIGN;;65610;21937
LR;LBR;Liberia;SOVEREIGN;;111369;5058
LS;LSO;Lesotho;SOVEREIGN;;30355;2142
LT;LTU;Lithuania;SOVEREIGN;;65300;2794
LU;LUX;Luxembourg;SOVEREIGN;;2586;632
LV;LVA;Latvia;SOVEREIGN;;64559;1902
LY;LBY;Libya;SOVEREIGN;;1759540;6891
MA;MAR;Morocco;SOVEREIGN;;446550;35952
MC;MCO;Monaco;SOVEREIGN;;2;38
MD;MDA;Moldova;SOVEREIGN;;33846;3535
ME;MNE;Montenegro;SOVEREIGN;;13812;622
MF;MAF;Saint Martin;DEPENDENT;FR;53;33
MG;MDG;Madagascar;SOVEREIGN;;587041;27691
MH;MHL;Marshall Islands;SOVEREIGN;;181;57
MK;MKD;North Macedonia;SOVEREIGN;;25713;2080
ML;MLI;Mali;SOVEREIGN;;1240192;20251
MM;MMR;Myanmar (Burma);SOVEREIGN;;676578;54704
MN;MNG;Mongolia;SOVEREIGN;;1564110;3361
MO;MAC;Macao;DEPENDENT;CN;30;686
MP;MNP;Northern Mariana Islands;DEPENDENT;US;464;51
MQ;MTQ;Martinique;DEPENDENT;FR;1128;356
MR;MRT;Mauritania;SOVEREIGN;;1030700;4650
MS;MSR;Montserrat;DEPENDENT;GB;102;5
MT;MLT;Malta;SOVEREIGN;;316;522
MU;MUS;Mauritius;SOVEREIGN;;2040;1265
MV;MDV;Maldives;SOVEREIGN;;300;541
MW;MWI;Malawi;SOVEREIGN;;118484;19130
MX;MEX;Mexico;SOVEREIGN;;1964375;127792
MY;MYS;Malaysia;SOVEREIGN;;330803;32781
MZ;MOZ;Mozambique;SOVEREIGN;;801590;31166
NA;NAM;Namibia;SOVEREIGN;;825615;2541
NC;NCL;New Caledonia;DEPENDENT;FR;18575;295
NE;NER;Niger;SOVEREIGN;;1267000;24189
NF;NFK;Norfolk Island;DEPENDENT;AU;36;2
NG;NGA;Nigeria;SOVEREIGN;;923768;206140
NI;NIC;Nicaragua;SOVEREIGN;;130373;6596
NL;NLD;Netherlands;SOVEREIGN;;41850;17467
NO;NOR;Norway;SOVEREIGN;;323802;5387
NP;NPL;Nepal;SOVEREIGN;;147181;29996
NR;NRU;Nauru;SOVEREIGN;;21;11
NU;NIU;Niue;ASSOCIATE;NZ;260;2
NZ;NZL;New Zealand;SOVEREIGN;;270467;4987
OM;OMN;Oman;SOVEREIGN;;309500;4713
PA;PAN;Panama;SOVEREIGN;;75417;4283
PE;PER;Peru;SOVEREIGN;;1285216;32824
PF;PYF;French Polynesia;DEPENDENT;FR;4167;280
PG;PNG;Papua New Guinea;SOVEREIGN;;462840;8950
PH;PHL;Philippines;SOVEREIGN;;342353;109581
PK;PAK;Pakistan;SOVEREIGN;;881912;220940
PL;POL;Poland;SOVEREIGN;;312679;38368
PM;SPM;Saint Pierre and Miquelon;DEPENDENT;FR;242;5
PN;PCN;Pitcairn Islands;DEPENDENT;GB;47;
PR;PRI;Puerto Rico;DEPENDENT;US;8870;3189
PS;PSE;Palestine;OBSERVER;;6020;5008
PT;PRT;Portugal;SOVEREIGN;;92090;10255
PW;PLW;Palau;SOVEREIGN;;459;18
PY;PRY;Paraguay;SOVEREIGN;;406752;7255
QA;QAT;Qatar;SOVEREIGN;;11586;2839
RE;REU;Réunion;DEPENDENT;FR;2504;861
RO;ROU;Romania;SOVEREIGN;;238391;19241
RS;SRB;Serbia;SOVEREIGN;;88361;6957
RU;RUS;Russia;SOVEREIGN;;17124442;146733
RW;RWA;Rwanda;SOVEREIGN;;26338;12952
SA;SAU;Saudi Arabia;SOVEREIGN;;2149690;35041
SB;SLB;Solomon Islands;SOVEREIGN;;28896;715
SC;SYC;Seychelles;SOVEREIGN;;452;98
SD;SDN;Sudan;SOVEREIGN;;1886068;43849
SE;SWE;Sweden;SOVEREIGN;;450295;10377
SG;SGP;Singapore;SOVEREIGN;;710;5769
SH;SHN;Saint Helena, Ascension and Tristan da Cunha;DEPENDENT;GB;121;8
SI;SVN;Slovenia;SOVEREIGN;;20273;2103
SJ;SJM;Svalbard and Jan Mayen;DEPENDENT;NO;61022;3
SK;SVK;Slovakia;SOVEREIGN;;49037;5462
SL;SLE;Sierra Leone;SOVEREIGN;;71740;7977
SM;SMR;San Marino;SOVEREIGN;;61;34
SN;SEN;Senegal;SOVEREIGN;;196722;16744
SO;SOM;Somalia;SOVEREIGN;;637657;15893
SR;SUR;Suriname;SOVEREIGN;;163820;605
SS;SSD;South Sudan;SOVEREIGN;;619745;11194
ST;STP;São Tomé and Príncipe;SOVEREIGN;;964;210
SV;SLV;El Salvador;SOVEREIGN;;21041;6481
SX;SXM;Sint Maarten;DEPENDENT;NL;34;44
SY;SYR;Syria;SOVEREIGN;;185180;19398
SZ;SWZ;Eswatini;SOVEREIGN;;17364;1104
TC;TCA;Turks and Caicos Islands;DEPENDENT;GB;948;56
TD;TCD;Chad;SOVEREIGN;;1284000;16877
TF;ATF;French Southern Territories;DEPENDENT;FR;7747;
TG;TGO;Togo;SOVEREIGN;;56785;8279
TH;THA;Thailand;SOVEREIGN;;513120;66534
TJ;TJK;Tajikistan;SOVEREIGN;;143100;9429
TK;TKL;Tokelau;DEPENDENT;NZ;12;1
TL;TLS;Timor-Leste;SOVEREIGN;;14874;1318
TM;TKM;Turkmenistan;SOVEREIGN;;488100;6031
TN;TUN;Tunisia;SOVEREIGN;;163610;11896
TO;TON;Tonga;SOVEREIGN;;747;99
TR;TUR;Turkey;SOVEREIGN;;783562;83737
TT;TTO;Trinidad and Tobago;SOVEREIGN;;5130;1369
TV;TUV;Tuvalu;SOVEREIGN;;26;10
TW;TWN;Taiwan;PARTIAL;CN;36193;23610
TZ;TZA;Tanzania;SOVEREIGN;;945087;59734
UA;UKR;Ukraine;SOVEREIGN;;603700;41778
UG;UGA;Uganda;SOVEREIGN;;241550;45741
UM;UMI;United States Minor Outlying Islands;DEPENDENT;US;34;
US;USA;United States;SOVEREIGN;;9629091;329878
UY;URY;Uruguay;SOVEREIGN;;181034;3531
UZ;UZB;Uzbekistan;SOVEREIGN;;447400;34174
VA;VAT;Vatican City;OBSERVER;;1;1
VC;VCT;Saint Vincent and Grenadines;SOVEREIGN;;389;111
VE;VEN;Venezuela;SOVEREIGN;;916445;28645
VG;VGB;British Virgin Islands;DEPENDENT;GB;151;37
VI;VIR;United States Virgin Islands;DEPENDENT;US;346;106
VN;VNM;Vietnam;SOVEREIGN;;331212;96209
VU;VUT;Vanuatu;SOVEREIGN;;12189;321
WF;WLF;Wallis and Futuna;DEPENDENT;FR;142;16
WS;WSM;Samoa;SOVEREIGN;;2842;200
XK;KOS;Kosovo;DEPENDENT;RS;10887;1791
YE;YEM;Yemen;SOVEREIGN;;527968;29826
YT;MYT;Mayotte;DEPENDENT;FR;374;284
ZA;ZAF;South Africa;SOVEREIGN;;1221037;59628
ZM;ZMB;Zambia;SOVEREIGN;;752612;18384
ZW;ZWE;Zimbabwe;SOVEREIGN;;390757;14863
